Hilary  ,Trista  
King  ,Brittny  
Roxie  ,Marth  
Valene  ,Nila  
Eden  ,Kimberely  
Mai  ,Werner  
Jessica  ,Charleen  
Reinaldo  ,Graham  
Carlee  ,Marceline  
Chia  ,Vanita  
Veronique  ,Tuan  
Jeffie  ,Kyung  
Ferne  ,Adelaide  
Rosaline  ,Gabrielle  
Nadia  ,Risa  
Angelita  ,Walker  
Gonzalo  ,Brigette  
Meghann  ,Neida  
Lajuana  ,Arline  
Nicolasa  ,Palmer  
Chelsey  ,Retha  
Stefania  ,Rhonda  
Floria  ,Ruthie  
Crystal  ,Olive  
Gabriele  ,Terra  
Lashell  ,Marleen  
Waldo  ,Priscilla  
Jeannine  ,Breanna  
Gillian  ,Maurine  
Bev  ,Sabra  
Janean  ,Mitch  
Shaun  ,Vernetta  
Stefani  ,Raelene  
Krystal  ,Anya  
Toshiko  ,Darin  
Fritz  ,Bert  
Sena  ,Lucilla  
Petrina  ,Adell  
Piper  ,Lena  
Glynis  ,Enoch  
Jordon  ,Lanell  
Jayme  ,Leona  
Rosanna  ,Leta  
Albert  ,Alma  
Layne  ,Brook  
Charlotte  ,Alissa  
Eloise  ,Ramona  
Antione  ,Floretta  
Shanelle  ,Jessia  
Roselle  ,Douglass  
Setsuko  ,Allen  
Lesley  ,Carolee  
Hermila  ,Lakesha  
Corrin  ,Dorathy  
Clifton  ,Jeniffer  
Arminda  ,Dedra  
Rosalina  ,Pamela  
Paula  ,Shirely  
Mitch  ,Delorse  
Walton  ,Alfreda  
Merlene  ,Rashida  
Trenton  ,Latesha  
Starr  ,Hanh  
Deborah  ,Bee  
Natacha  ,Shanita  
Vikki  ,Jackelyn  
Sheldon  ,Mandi  
Tracy  ,Sheryll  
Carmelina  ,Valarie  
Elden  ,Cliff  
Shantae  ,Corinna  
Bridget  ,Diann  
Ruthie  ,Fletcher  
Latarsha  ,Tania  
Susanna  ,Lashaunda  
Deirdre  ,Abraham  
Tana  ,Tiffani  
Crista  ,Darin  
Margot  ,Hildegarde  
Chanel  ,Hyon  
Pamella  ,Marvin  
Bari  ,Tessa  
Billie  ,Matilde  
Larue  ,Linsey  
Cristobal  ,Loria  
Les  ,Candi  
Princess  ,Micki  
Scarlett  ,Genny  
Hettie  ,Janie  
Wade  ,Elwood  
Carolina  ,Deetta  
Dirk  ,Emelia  
Lucienne  ,Latasha  
Kristopher  ,Norine  
Tatum  ,Emmy  
Carmel  ,Vannesa  
Loralee  ,Miyoko  
Melody  ,Shizue  
Will  ,Long  
Kattie  ,Teri